,Lineage_level,FoxP3,CD68,aSMA,CD31,CD38,IDO-1,s100,CD11c,PD-L1,Ki-67,CD8,PD-1,CD4,CK,CD3,CD20,CD16,HLA-DR,Vimentin,CD45
Tumor,1_0_1,0,0,0,0,0,0,1,0,1,0,0,0,0,1,0,0,0,0,0,0
Immune,1_0_2,NA,NA,0,0,0,NA,0,NA,0,0,NA,NA,NA,0,NA,NA,NA,NA,0,1
Vasculatore,1_0_3,0,0,0,1,1,0,0,0,0,0,0,0,0,0,0,0,0,0,0,0
EMT,1_0_4,0,0,0,0,0,0,0,0,0,0,0,0,0,0,0,0,0,0,1,0
Stroma CAFs,1_0_5,0,0,1,0,0,0,0,0,0,0,0,0,0,0,0,0,0,0,0,0
Proliferation,1_0_6,0,0,0,0,0,0,0,0,0,1,0,0,0,0,0,0,0,0,0,0
T cells,2_2_7,0,0,0,0,0,NA,0,0,0,0,NA,NA,NA,0,1,0,0,NA,0,NA
B cells,2_2_8,0,0,0,0,0,0,0,0,0,0,0,0,0,0,0,1,0,0,0,NA
NK,2_2_9,0,0,0,0,0,0,0,0,0,0,0,0,0,0,NA,0,1,0,0,NA
Dendric,2_2_10,0,0,0,0,0,0,0,1,0,0,0,0,0,0,0,0,0,0,0,NA
MP,2_2_11,0,1,0,0,0,0,0,0,0,0,0,0,0,0,0,0,0,0,0,NA
Treg,3_7_12,1,0,0,0,0,0,0,0,0,0,0,0,0,0,NA,0,0,0,0,NA
T help,3_7_13,0,0,0,0,0,0,0,0,0,0,0,0,1,0,NA,0,0,0,0,NA
Tcyt,3_7_14,0,0,0,0,0,0,0,0,0,0,1,0,0,0,NA,0,0,0,0,NA
T act,3_7_15,0,0,0,0,0,0,0,0,0,0,0,1,0,0,NA,0,0,1,0,NA
T eff supr,3_7_16,0,0,0,0,0,1,0,0,0,0,0,0,0,0,NA,0,0,0,0,NA